{
  "project_info": {
    "project_number": "860549961024",
    "firebase_url": "https://hacktjproj.firebaseio.com",
    "project_id": "hacktjproj",
    "storage_bucket": "hacktjproj.appspot.com"
  },
  "client": [
    {
      "client_info": {
        "mobilesdk_app_id": "1:860549961024:android:7ca4bd4ed2456c3b",
        "android_client_info": {
          "package_name": "com.example.hacktjproj"
        }
      },
      "oauth_client": [
        {
          "client_id": "860549961024-t520ls7ks0sg1e97gq5ir63h0temlnrj.apps.googleusercontent.com",
          "client_type": 1,
          "android_info": {
            "package_name": "com.example.hacktjproj",
            "certificate_hash": "7764d3bcccd6b7d48ba7be33edc38ed2373592f4"
          }
        }
      ],
      "api_key": [
        {
          "current_key": "AIzaSyCNA4U0IVa2bvViPSz2lDifFASfUaDH9nA"
        }
      ],
      "services": {
        "appinvite_service": {
          "other_platform_oauth_client": [
            {
              "client_id": "860549961024-3nk7kapvc0s6poeqsijvuf69mtk4t4io.apps.googleusercontent.com",
              "client_type": 3
            }
          ]
        }
      }
    }
  ],
  "configuration_version": "1"
}